{
  "mode": "waterline",
  "n": 16,
  "det_rate": 1.0,
  "miou": 0.06662814695110611,
  "miou_det": 0.5330251756088489,
  "mscore": 0.9043395631015301,
  "lat_med": 0.4434746503829956,
  "wl_err_med": 401.0
}