{
  "mode": "gauge",
  "n": 47,
  "det_rate": 1.0,
  "miou": 0.9337363425197627,
  "miou_det": 0.9337363425197627,
  "mscore": 0.9656421161712484,
  "lat_med": 0.47894287109375,
  "wl_err_med": null
}